difficulty,name,path,person_number,type
中级,HTML5和CSS3扁平化风格博客,前端开发,62847,CSS3
中级,HTML5和CSS3扁平化风格博客,前端开发,62847,CSS3
中级,HTML5和CSS3扁平化风格博客,前端开发,62847,CSS3
中级,CSS动画实用技巧,前端开发,56813,CSS3
中级,CSS动画实用技巧,前端开发,56813,CSS3
中级,CSS动画实用技巧,前端开发,56813,CSS3
中级,重拾CSS的乐趣,前端开发,45500,CSS3
中级,重拾CSS的乐趣,前端开发,45500,CSS3
中级,CSS3绚丽照片墙,前端开发,44557,CSS3
中级,JS+CSS3实现带预览图幻灯片效果,前端开发,40047,CSS3
中级,JS+CSS3实现带预览图幻灯片效果,前端开发,40047,CSS3
中级,JS+CSS3实现带预览图幻灯片效果,前端开发,40047,CSS3
中级,oeasy教你玩转css禅意花园,前端开发,31927,CSS3
中级,oeasy教你玩转css禅意花园,前端开发,31927,CSS3
中级,oeasy教你玩转css禅意花园,前端开发,31927,CSS3
中级,oeasy教你玩转css禅意花园,前端开发,31927,CSS3
中级,CSS3实现“图片阴影”效果,前端开发,26930,CSS3
中级,CSS3实现“图片阴影”效果,前端开发,26930,CSS3
中级,CSS3实现“图片阴影”效果,前端开发,26930,CSS3
中级,HTML5+CSS3实现春节贺卡,前端开发,73861,CSS3
中级,HTML5+CSS3实现春节贺卡,前端开发,73861,CSS3
中级,HTML5+CSS3实现春节贺卡,前端开发,73861,CSS3
高级,H5+JS+CSS3 实现圣诞情缘,前端开发,79147,Html5
高级,H5+JS+CSS3 实现圣诞情缘,前端开发,79147,Html5
高级,炫丽的倒计时效果Canvas绘图与动画基础,前端开发,69246,Html5
高级,炫丽的倒计时效果Canvas绘图与动画基础,前端开发,69246,Html5
高级,Canvas绘图详解,前端开发,48742,Html5
高级,Canvas绘图详解,前端开发,48742,Html5
高级,Canvas绘图详解,前端开发,48742,Html5
高级,Canvas绘图详解,前端开发,48742,Html5
高级,Canvas绘图详解,前端开发,48742,Html5
中级,canvas实现星星闪烁特效,前端开发,39283,Html5
中级,canvas实现星星闪烁特效,前端开发,39283,Html5
中级,canvas实现星星闪烁特效,前端开发,39283,Html5
高级,Canvas玩儿转红包照片,前端开发,38298,Html5
高级,Canvas玩儿转红包照片,前端开发,38298,Html5
中级,HTML5小游戏---爱心鱼（下）,前端开发,32416,Html5
中级,HTML5小游戏---爱心鱼（下）,前端开发,32416,Html5
高级,Qnext前端交互沙龙,前端开发,22574,Html5
高级,Qnext前端交互沙龙,前端开发,22574,Html5
高级,Qnext前端交互沙龙,前端开发,22574,Html5
高级,Qnext前端交互沙龙,前端开发,22574,Html5
高级,走进SVG,前端开发,33202,Html5
高级,走进SVG,前端开发,33202,Html5
初级,网页布局基础,前端开发,191080,HTML/CSS
中级,手把手教你实现电商网站开发,前端开发,120309,HTML/CSS
中级,手把手教你实现电商网站开发,前端开发,120309,HTML/CSS
中级,手把手教你实现电商网站开发,前端开发,120309,HTML/CSS
初级,IT菜鸟逆袭指南（江湖篇）,前端开发,72088,HTML/CSS
初级,IT菜鸟逆袭指南（江湖篇）,前端开发,72088,HTML/CSS
初级,IT菜鸟逆袭指南（江湖篇）,前端开发,72088,HTML/CSS
初级,IT菜鸟逆袭指南（江湖篇）,前端开发,72088,HTML/CSS
中级,HTML5和CSS3扁平化风格博客,前端开发,62847,HTML/CSS
中级,HTML5和CSS3扁平化风格博客,前端开发,62847,HTML/CSS
中级,HTML5和CSS3扁平化风格博客,前端开发,62847,HTML/CSS
高级,CSS深入理解之float浮动,前端开发,47563,HTML/CSS
高级,CSS深入理解之float浮动,前端开发,47563,HTML/CSS
高级,CSS深入理解之float浮动,前端开发,47563,HTML/CSS
初级,分页页码制作,前端开发,35209,HTML/CSS
初级,分页页码制作,前端开发,35209,HTML/CSS
初级,分页页码制作,前端开发,35209,HTML/CSS
高级,CSS深入理解之relative,前端开发,33954,HTML/CSS
高级,CSS深入理解之relative,前端开发,33954,HTML/CSS
中级,用字体在网页中画ICON图标,前端开发,33737,HTML/CSS
中级,回到顶部效果,前端开发,32590,HTML/CSS
中级,回到顶部效果,前端开发,32590,HTML/CSS
初级,jQuery基础(二)—DOM篇,前端开发,66453,jQuery
初级,jQuery基础(二)—DOM篇,前端开发,66453,jQuery
初级,jQuery基础(二)—DOM篇,前端开发,66453,jQuery
初级,jQuery基础(二)—DOM篇,前端开发,66453,jQuery
初级,jQuery基础(二)—DOM篇,前端开发,66453,jQuery
中级,JS插件开发之-Tab选项卡,前端开发,907,jQuery
中级,JS插件开发之-Tab选项卡,前端开发,907,jQuery
中级,JS插件开发之-Tab选项卡,前端开发,907,jQuery
中级,JS插件开发之-Tab选项卡,前端开发,907,jQuery
中级,JS插件开发之-Tab选项卡,前端开发,907,jQuery
中级,JS插件开发之-Tab选项卡,前端开发,907,jQuery
中级,JS插件开发之-Tab选项卡,前端开发,907,jQuery
中级,JS插件开发之-Tab选项卡,前端开发,907,jQuery
中级,JS插件开发之-Tab选项卡,前端开发,907,jQuery
中级,JS插件开发之-Tab选项卡,前端开发,907,jQuery
中级,JS插件开发之-Tab选项卡,前端开发,907,jQuery
中级,JS插件开发之-Tab选项卡,前端开发,907,jQuery
高级,Roundtable前端分享专场,前端开发,6745,Node.js
高级,Roundtable前端分享专场,前端开发,6745,Node.js
高级,Roundtable前端分享专场,前端开发,6745,Node.js
高级,Roundtable前端分享专场,前端开发,6745,Node.js
高级,Roundtable前端分享专场,前端开发,6745,Node.js
高级,Roundtable前端分享专场,前端开发,6745,Node.js
高级,Roundtable前端分享专场,前端开发,6745,Node.js
高级,Roundtable前端分享专场,前端开发,6745,Node.js
高级,Roundtable前端分享专场,前端开发,6745,Node.js
高级,Roundtable前端分享专场,前端开发,6745,Node.js
高级,Roundtable前端分享专场,前端开发,6745,Node.js
高级,Roundtable前端分享专场,前端开发,6745,Node.js
高级,Roundtable前端分享专场,前端开发,6745,Node.js
中级,Angular2一小时快速入门,前端开发,7754,AngularJS
中级,Angular2一小时快速入门,前端开发,7754,AngularJS
中级,Angular2一小时快速入门,前端开发,7754,AngularJS
中级,Angular2一小时快速入门,前端开发,7754,AngularJS
中级,Angular2一小时快速入门,前端开发,7754,AngularJS
中级,Angular2一小时快速入门,前端开发,7754,AngularJS
中级,Angular2一小时快速入门,前端开发,7754,AngularJS
中级,Angular2一小时快速入门,前端开发,7754,AngularJS
高级,JavaScript深入浅出,前端开发,170298,JavaScript
高级,JavaScript深入浅出,前端开发,170298,JavaScript
高级,电商网站前端架构,前端开发,79696,JavaScript
高级,电商网站前端架构,前端开发,79696,JavaScript
高级,电商网站前端架构,前端开发,79696,JavaScript
高级,电商网站前端架构,前端开发,79696,JavaScript
高级,电商网站前端架构,前端开发,79696,JavaScript
中级,网页定位导航特效,前端开发,56454,JavaScript
中级,网页定位导航特效,前端开发,56454,JavaScript
中级,网页定位导航特效,前端开发,56454,JavaScript
中级,网页定位导航特效,前端开发,56454,JavaScript
中级,网页定位导航特效,前端开发,56454,JavaScript
中级,商城分类导航效果,前端开发,49019,JavaScript
中级,商城分类导航效果,前端开发,49019,JavaScript
中级,商城分类导航效果,前端开发,49019,JavaScript
中级,商城分类导航效果,前端开发,49019,JavaScript
中级,商城分类导航效果,前端开发,49019,JavaScript
中级,倒计时效果,前端开发,44906,JavaScript
中级,倒计时效果,前端开发,44906,JavaScript
中级,倒计时效果,前端开发,44906,JavaScript
中级,倒计时效果,前端开发,44906,JavaScript
中级,倒计时效果,前端开发,44906,JavaScript
中级,使用vue2.0实现购物车和地址选配功能,前端开发,13158,Vue.js
中级,使用vue2.0实现购物车和地址选配功能,前端开发,13158,Vue.js
中级,使用vue2.0实现购物车和地址选配功能,前端开发,13158,Vue.js
高级,慕课网2048私人订制,前端开发,55134,WebApp
高级,慕课网2048私人订制,前端开发,55134,WebApp
高级,移动优先的跨终端 Web,前端开发,30923,WebApp
高级,移动优先的跨终端 Web,前端开发,30923,WebApp
高级,移动优先的跨终端 Web,前端开发,30923,WebApp
高级,移动优先的跨终端 Web,前端开发,30923,WebApp
高级,去哪儿前端沙龙分享第二期,前端开发,19290,WebApp
高级,去哪儿前端沙龙分享第二期,前端开发,19290,WebApp
高级,去哪儿前端沙龙分享第二期,前端开发,19290,WebApp
高级,去哪儿前端沙龙分享第二期,前端开发,19290,WebApp
高级,去哪儿前端沙龙分享第二期,前端开发,19290,WebApp
高级,去哪儿前端沙龙分享第二期,前端开发,19290,WebApp
高级,去哪儿前端沙龙分享第二期,前端开发,19290,WebApp
中级,在React中使用Redux数据流,前端开发,4786,React.JS
中级,在React中使用Redux数据流,前端开发,4786,React.JS
中级,在React中使用Redux数据流,前端开发,4786,React.JS
中级,在React中使用Redux数据流,前端开发,4786,React.JS
中级,在React中使用Redux数据流,前端开发,4786,React.JS
高级,Sass和Compass必备技能之Sass篇,前端开发,19212,Sass/Less
高级,Sass和Compass必备技能之Sass篇,前端开发,19212,Sass/Less
高级,Sass和Compass必备技能之Sass篇,前端开发,19212,Sass/Less
高级,Sass和Compass必备技能之Sass篇,前端开发,19212,Sass/Less
高级,Sass和Compass必备技能之Compass,前端开发,15522,Sass/Less
高级,Sass和Compass必备技能之Compass,前端开发,15522,Sass/Less
中级,Duang~MySQLi扩展库来袭,数据库,21610,MySQL
中级,Duang~MySQLi扩展库来袭,数据库,21610,MySQL
中级,Duang~MySQLi扩展库来袭,数据库,21610,MySQL
中级,Duang~MySQLi扩展库来袭,数据库,21610,MySQL
中级,Duang~MySQLi扩展库来袭,数据库,21610,MySQL
中级,Duang~MySQLi扩展库来袭,数据库,21610,MySQL
中级,Duang~MySQLi扩展库来袭,数据库,21610,MySQL
高级,MySQL5.7复制功能实战,数据库,19785,MySQL
高级,MySQL5.7复制功能实战,数据库,19785,MySQL
高级,MySQL5.7复制功能实战,数据库,19785,MySQL
高级,2015 Oracle技术嘉年华,数据库,21493,Oracle
高级,2015 Oracle技术嘉年华,数据库,21493,Oracle
高级,2015 Oracle技术嘉年华,数据库,21493,Oracle
高级,2015 Oracle技术嘉年华,数据库,21493,Oracle
高级,2015 Oracle技术嘉年华,数据库,21493,Oracle
高级,2015 Oracle技术嘉年华,数据库,21493,Oracle
高级,2015 Oracle技术嘉年华,数据库,21493,Oracle
高级,2015 Oracle技术嘉年华,数据库,21493,Oracle
中级,Linux C语言指针与内存,后端开发,60644,C
中级,Linux C语言指针与内存,后端开发,60644,C
中级,Linux C语言指针与内存,后端开发,60644,C
中级,Linux C语言指针与内存,后端开发,60644,C
初级,Golang之文本编码处理,后端开发,7477,Go
初级,Golang之文本编码处理,后端开发,7477,Go
初级,Golang之文本编码处理,后端开发,7477,Go
初级,Golang之文本编码处理,后端开发,7477,Go
初级,版本管理工具介绍—Git篇,后端开发,91183,PHP
初级,版本管理工具介绍—Git篇,后端开发,91183,PHP
高级,PHP开发APP接口,后端开发,59640,PHP
高级,PHP开发APP接口,后端开发,59640,PHP
高级,PHP开发APP接口,后端开发,59640,PHP
高级,PHP开发APP接口,后端开发,59640,PHP
高级,PHP开发APP接口,后端开发,59640,PHP
中级, PHP实现微信公众平台开发—提升篇,后端开发,48175,PHP
中级, PHP实现微信公众平台开发—提升篇,后端开发,48175,PHP
中级, PHP实现微信公众平台开发—提升篇,后端开发,48175,PHP
中级, PHP实现微信公众平台开发—提升篇,后端开发,48175,PHP
中级,鬼斧神工之正则表达式,后端开发,37167,PHP
中级,鬼斧神工之正则表达式,后端开发,37167,PHP
中级,鬼斧神工之正则表达式,后端开发,37167,PHP
高级, PHP第三方登录—QQ登录,后端开发,32996,PHP
高级, PHP第三方登录—QQ登录,后端开发,32996,PHP
中级,PHP+MySQL分页原理实现,后端开发,30521,PHP
中级,PHP+MySQL分页原理实现,后端开发,30521,PHP
中级,PHP+MySQL分页原理实现,后端开发,30521,PHP
高级,与《Yii框架》不得不说的故事—基础篇,后端开发,29862,PHP
中级,PHP实现验证码制作,后端开发,29436,PHP
中级,PHP实现验证码制作,后端开发,29436,PHP
初级,Java入门第三季,后端开发,225554,Java
初级,Java入门第三季,后端开发,225554,Java
中级,深入浅出Java多线程,后端开发,103611,Java
中级,深入浅出Java多线程,后端开发,103611,Java
中级,深入浅出Java多线程,后端开发,103611,Java
高级,Spring MVC起步,后端开发,100754,Java
中级,反射——Java高级开发必须懂的,后端开发,85023,Java
中级,反射——Java高级开发必须懂的,后端开发,85023,Java
中级,反射——Java高级开发必须懂的,后端开发,85023,Java
高级,Java Socket应用---通信是这样练成的,后端开发,79207,Java
高级,Java Socket应用---通信是这样练成的,后端开发,79207,Java
初级,二进制基础,后端开发,70589,Java
初级,二进制基础,后端开发,70589,Java
初级,二进制基础,后端开发,70589,Java
初级,二进制基础,后端开发,70589,Java
初级,版本管理工具介绍---SVN篇,后端开发,60071,Java
初级,版本管理工具介绍---SVN篇,后端开发,60071,Java
初级,版本管理工具介绍---SVN篇,后端开发,60071,Java
高级,使用Struts2+Hibernate开发学生信息管理功能,后端开发,56620,Java
高级,使用Struts2+Hibernate开发学生信息管理功能,后端开发,56620,Java
高级,使用Struts2+Hibernate开发学生信息管理功能,后端开发,56620,Java
高级,使用Struts2+Hibernate开发学生信息管理功能,后端开发,56620,Java
初级,Ruby语言快速入门,后端开发,1955,Ruby
初级,C#面向对象编程,后端开发,3767,C#
初级,C#面向对象编程,后端开发,3767,C#
初级,C#面向对象编程,后端开发,3767,C#
初级,高德地图组件快速入门,移动开发,51084,iOS
初级,高德地图组件快速入门,移动开发,51084,iOS
高级,Swift Weather APP,移动开发,32527,iOS
高级,Swift Weather APP,移动开发,32527,iOS
高级,Swift Weather APP,移动开发,32527,iOS
高级,Swift Weather APP,移动开发,32527,iOS
高级,Swift Weather APP,移动开发,32527,iOS
初级,玩儿转Swift 2.0（第一季）,移动开发,24665,iOS
初级,玩儿转Swift 2.0（第一季）,移动开发,24665,iOS
初级,玩儿转Swift 2.0（第一季）,移动开发,24665,iOS
初级,玩儿转Swift 2.0（第一季）,移动开发,24665,iOS
初级,玩儿转Swift 2.0（第一季）,移动开发,24665,iOS
中级,iOS-五子棋大战,移动开发,19519,iOS
中级,iOS-五子棋大战,移动开发,19519,iOS
中级,iOS-五子棋大战,移动开发,19519,iOS
中级,iOS-五子棋大战,移动开发,19519,iOS
中级,iOS-五子棋大战,移动开发,19519,iOS
高级,中国首届swift开发者大会,移动开发,14954,iOS
高级,中国首届swift开发者大会,移动开发,14954,iOS
高级,中国首届swift开发者大会,移动开发,14954,iOS
高级,中国首届swift开发者大会,移动开发,14954,iOS
高级,中国首届swift开发者大会,移动开发,14954,iOS
中级,WeTest移动测试系列沙龙-手游安全测试,运维&测试,386,测试
中级,WeTest移动测试系列沙龙-手游安全测试,运维&测试,386,测试
中级,WeTest移动测试系列沙龙-手游安全测试,运维&测试,386,测试
中级,WeTest移动测试系列沙龙-手游安全测试,运维&测试,386,测试
中级,WeTest移动测试系列沙龙-手游安全测试,运维&测试,386,测试
中级,WeTest移动测试系列沙龙-手游安全测试,运维&测试,386,测试
中级,WeTest移动测试系列沙龙-手游安全测试,运维&测试,386,测试
中级,WeTest移动测试系列沙龙-手游安全测试,运维&测试,386,测试
中级,WeTest移动测试系列沙龙-手游安全测试,运维&测试,386,测试
中级,WeTest移动测试系列沙龙-手游安全测试,运维&测试,386,测试
中级,WeTest移动测试系列沙龙-手游安全测试,运维&测试,386,测试
中级,Linux软件安装管理,运维&测试,45898,Linux
中级,Linux软件安装管理,运维&测试,45898,Linux
中级,Linux软件安装管理,运维&测试,45898,Linux
高级,携程C4技术分享沙龙,运维&测试,26310,Linux
高级,携程C4技术分享沙龙,运维&测试,26310,Linux
高级,携程C4技术分享沙龙,运维&测试,26310,Linux
高级,携程C4技术分享沙龙,运维&测试,26310,Linux
高级,携程C4技术分享沙龙,运维&测试,26310,Linux
中级,shell编程之正则表达式,运维&测试,23863,Linux
中级,shell编程之正则表达式,运维&测试,23863,Linux
中级,shell编程之正则表达式,运维&测试,23863,Linux
中级,shell编程之正则表达式,运维&测试,23863,Linux
中级,shell编程之条件判断与流程控制,运维&测试,20816,Linux
中级,shell编程之条件判断与流程控制,运维&测试,20816,Linux
中级,shell编程之条件判断与流程控制,运维&测试,20816,Linux
中级,shell编程之条件判断与流程控制,运维&测试,20816,Linux
中级,PHP环境LAMP/LNMP安装与配置,运维&测试,17215,Linux
中级,PHP环境LAMP/LNMP安装与配置,运维&测试,17215,Linux
中级,PHP环境LAMP/LNMP安装与配置,运维&测试,17215,Linux
中级,PHP环境LAMP/LNMP安装与配置,运维&测试,17215,Linux
中级,PHP环境LAMP/LNMP安装与配置,运维&测试,17215,Linux
高级,Shell典型应用之系统信息及运行状态获取,运维&测试,15732,Linux
高级,Shell典型应用之系统信息及运行状态获取,运维&测试,15732,Linux
初级,初识机器学习-理论篇,后端开发,35602,Python
初级,初识机器学习-理论篇,后端开发,35602,Python
初级,初识机器学习-理论篇,后端开发,35602,Python
初级,初识机器学习-理论篇,后端开发,35602,Python
初级,初识机器学习-理论篇,后端开发,35602,Python
初级,初识机器学习-理论篇,后端开发,35602,Python
初级,初识机器学习-理论篇,后端开发,35602,Python
中级,Python-走进Requests库,后端开发,9681,Python
中级,Python-走进Requests库,后端开发,9681,Python
中级,Python-走进Requests库,后端开发,9681,Python
中级,Python-走进Requests库,后端开发,9681,Python
中级,Python-走进Requests库,后端开发,9681,Python
中级,Python-走进Requests库,后端开发,9681,Python
中级,Python-走进Requests库,后端开发,9681,Python
中级,Python-走进Requests库,后端开发,9681,Python
中级,Python-走进Requests库,后端开发,9681,Python
中级,机器学习-实现简单神经网络,后端开发,3658,Python
中级,机器学习-实现简单神经网络,后端开发,3658,Python
中级,机器学习-实现简单神经网络,后端开发,3658,Python
初级,数据结构探险—栈篇,后端开发,33125,C++
初级,数据结构探险—栈篇,后端开发,33125,C++
初级,数据结构探险—栈篇,后端开发,33125,C++
初级,数据结构探险—栈篇,后端开发,33125,C++
初级,数据结构探险—栈篇,后端开发,33125,C++
初级,数据结构探险—栈篇,后端开发,33125,C++
初级,数据结构探险—栈篇,后端开发,33125,C++
初级,数据结构探险—栈篇,后端开发,33125,C++
初级,数据结构探险—栈篇,后端开发,33125,C++
初级,数据结构探险之树篇,后端开发,21521,C++
初级,数据结构探险之树篇,后端开发,21521,C++
初级,数据结构探险之树篇,后端开发,21521,C++
初级,数据结构探险之树篇,后端开发,21521,C++
初级,数据结构探险之树篇,后端开发,21521,C++
高级,跟我学做变形金刚CG短片,UI设计,10220,动画动效
高级,跟我学做变形金刚CG短片,UI设计,10220,动画动效
高级,跟我学做变形金刚CG短片,UI设计,10220,动画动效
高级,跟我学做变形金刚CG短片,UI设计,10220,动画动效
高级,跟我学做变形金刚CG短片,UI设计,10220,动画动效
高级,跟我学做变形金刚CG短片,UI设计,10220,动画动效
中级,MongoDB读写分离的适用性,数据库,9205,MongoDB
中级,MongoDB读写分离的适用性,数据库,9205,MongoDB
中级,MongoDB读写分离的适用性,数据库,9205,MongoDB
高级,MongoDB复制集—认识复制集,数据库,6010,MongoDB
高级,MongoDB复制集—认识复制集,数据库,6010,MongoDB
高级,MongoDB复制集—认识复制集,数据库,6010,MongoDB
高级,MongoDB复制集—认识复制集,数据库,6010,MongoDB
高级, MongoDB复制集—复制集的同步机制,数据库,3962,MongoDB
高级, MongoDB复制集—复制集的同步机制,数据库,3962,MongoDB
高级, MongoDB复制集—复制集的同步机制,数据库,3962,MongoDB
高级, MongoDB复制集—复制集的同步机制,数据库,3962,MongoDB
高级, MongoDB复制集—复制集的同步机制,数据库,3962,MongoDB
高级, MongoDB复制集—复制集的同步机制,数据库,3962,MongoDB
初级,mongoDB入门篇,数据库,57516,MongoDB
初级,mongoDB入门篇,数据库,57516,MongoDB
初级,mongoDB入门篇,数据库,57516,MongoDB
初级,mongoDB入门篇,数据库,57516,MongoDB
高级,MongoDB地理数据模块与MongoGIS,数据库,8693,MongoDB
初级,Web UI设计理论入门,UI设计,7409,设计基础
初级,手机UI设计基础-尺寸,UI设计,75037,APPUI设计
初级,PS大神通关教程,UI设计,227488,设计工具
初级,Axure入门初体验,UI设计,5991,设计工具
初级,Axure入门初体验,UI设计,5991,设计工具
初级,Axure入门初体验,UI设计,5991,设计工具
初级,Axure入门初体验,UI设计,5991,设计工具
初级,Axure入门初体验,UI设计,5991,设计工具
初级,Axure入门初体验,UI设计,5991,设计工具
初级,Axure入门初体验,UI设计,5991,设计工具
高级,FIS使用初级教程,前端开发,27715,前端工具
高级,FIS使用初级教程,前端开发,27715,前端工具
高级,FIS使用初级教程,前端开发,27715,前端工具
高级,FIS使用初级教程,前端开发,27715,前端工具
高级,FIS使用初级教程,前端开发,27715,前端工具
高级,FIS使用初级教程,前端开发,27715,前端工具
高级,FIS使用初级教程,前端开发,27715,前端工具
高级,FIS使用初级教程,前端开发,27715,前端工具
初级,浏览器开发者工具使用技巧,前端开发,9013,前端工具
初级,浏览器开发者工具使用技巧,前端开发,9013,前端工具
初级,浏览器开发者工具使用技巧,前端开发,9013,前端工具
初级,浏览器开发者工具使用技巧,前端开发,9013,前端工具
初级,浏览器开发者工具使用技巧,前端开发,9013,前端工具
初级,Android攻城狮的第二门课（第3季）,移动开发,62794,Android
初级,Android攻城狮的第二门课（第3季）,移动开发,62794,Android
初级,Android攻城狮的第二门课（第3季）,移动开发,62794,Android
高级,微信6.0主界面,移动开发,51920,Android
高级,微信6.0主界面,移动开发,51920,Android
高级,微信6.0主界面,移动开发,51920,Android
高级,微信6.0主界面,移动开发,51920,Android
高级,微信6.0主界面,移动开发,51920,Android
高级,微信6.0主界面,移动开发,51920,Android
初级,如何使用高德云图在线制作属于你的地图,移动开发,47151,Android
初级,如何使用高德云图在线制作属于你的地图,移动开发,47151,Android
初级,如何使用高德云图在线制作属于你的地图,移动开发,47151,Android
初级,如何使用高德云图在线制作属于你的地图,移动开发,47151,Android
中级,多种多样的App主界面Tab实现方法,移动开发,42618,Android
中级,多种多样的App主界面Tab实现方法,移动开发,42618,Android
中级,多种多样的App主界面Tab实现方法,移动开发,42618,Android
中级,多种多样的App主界面Tab实现方法,移动开发,42618,Android
中级,多种多样的App主界面Tab实现方法,移动开发,42618,Android
中级,Android必学-异步加载,移动开发,42774,Android
中级,Android必学-异步加载,移动开发,42774,Android
中级,Android必学-异步加载,移动开发,42774,Android
中级,Android必学-异步加载,移动开发,42774,Android
高级,响应式布局,前端开发,88459,Bootstrap
高级,响应式布局,前端开发,88459,Bootstrap
高级,响应式布局,前端开发,88459,Bootstrap
高级,响应式布局,前端开发,88459,Bootstrap
中级,SQL Server基础--T-SQL语句,数据库,84528,SQL Server
中级,Unity3D菜鸟先飞之NGUI实战篇,移动开发,8968,Unity 3D
中级,Unity3D菜鸟先飞之NGUI实战篇,移动开发,8968,Unity 3D
中级,Unity3D菜鸟先飞之NGUI实战篇,移动开发,8968,Unity 3D
中级,Unity3D菜鸟先飞之NGUI实战篇,移动开发,8968,Unity 3D
中级,Unity3D菜鸟先飞之NGUI实战篇,移动开发,8968,Unity 3D
中级,Unity3D菜鸟先飞之NGUI实战篇,移动开发,8968,Unity 3D
中级,Unity3D菜鸟先飞之NGUI实战篇,移动开发,8968,Unity 3D
中级,Unity3D-万圣前夜之惊声尖笑,移动开发,36018,Unity 3D
中级,Unity3D-万圣前夜之惊声尖笑,移动开发,36018,Unity 3D
中级,Unity3D-万圣前夜之惊声尖笑,移动开发,36018,Unity 3D
中级,Cocos2d-x坦克大战--下,移动开发,10406,Cocos2d-x
中级,Cocos2d-x坦克大战--下,移动开发,10406,Cocos2d-x
中级,Cocos2d-x坦克大战--下,移动开发,10406,Cocos2d-x
中级,Cocos2d-x坦克大战--下,移动开发,10406,Cocos2d-x
中级,Cocos2d-x坦克大战--下,移动开发,10406,Cocos2d-x
中级,Cocos2d-x坦克大战--下,移动开发,10406,Cocos2d-x
中级,Cocos2d-x坦克大战--下,移动开发,10406,Cocos2d-x
中级,Cocos2d-x坦克大战--下,移动开发,10406,Cocos2d-x
中级,Cocos2d-x坦克大战--下,移动开发,10406,Cocos2d-x
中级,Cocos2d-x全民俄罗斯--下,移动开发,6010,Cocos2d-x
中级,Cocos2d-x全民俄罗斯--下,移动开发,6010,Cocos2d-x
中级,Cocos2d-x全民俄罗斯--下,移动开发,6010,Cocos2d-x
中级,Cocos2d-x全民俄罗斯--下,移动开发,6010,Cocos2d-x
初级,走近大数据之Hive入门,云计算&大数据,31812,大数据
初级,走近大数据之Hive入门,云计算&大数据,31812,大数据
中级,轻松愉快之玩转SpringData,云计算&大数据,1160,大数据
中级,轻松愉快之玩转SpringData,云计算&大数据,1160,大数据
中级,轻松愉快之玩转SpringData,云计算&大数据,1160,大数据
中级,轻松愉快之玩转SpringData,云计算&大数据,1160,大数据
中级,轻松愉快之玩转SpringData,云计算&大数据,1160,大数据
中级,轻松愉快之玩转SpringData,云计算&大数据,1160,大数据
中级,轻松愉快之玩转SpringData,云计算&大数据,1160,大数据
中级,轻松愉快之玩转SpringData,云计算&大数据,1160,大数据
中级,轻松愉快之玩转SpringData,云计算&大数据,1160,大数据
中级,轻松愉快之玩转SpringData,云计算&大数据,1160,大数据
中级,轻松愉快之玩转SpringData,云计算&大数据,1160,大数据
中级,轻松愉快之玩转SpringData,云计算&大数据,1160,大数据
中级,轻松愉快之玩转SpringData,云计算&大数据,1160,大数据
中级,轻松愉快之玩转SpringData,云计算&大数据,1160,大数据
高级,KVM虚拟化技术,云计算&大数据,5903,云计算
高级,KVM虚拟化技术,云计算&大数据,5903,云计算
高级,KVM虚拟化技术,云计算&大数据,5903,云计算
高级,KVM虚拟化技术,云计算&大数据,5903,云计算
高级,KVM虚拟化技术,云计算&大数据,5903,云计算
高级,KVM虚拟化技术,云计算&大数据,5903,云计算
高级,KVM虚拟化技术,云计算&大数据,5903,云计算
高级,OpenStack+ 企业实践论坛,云计算&大数据,9165,云计算
高级,OpenStack+ 企业实践论坛,云计算&大数据,9165,云计算
高级,OpenStack+ 企业实践论坛,云计算&大数据,9165,云计算
